﻿{
  "SP----ABC删除掉": [
    {
      "员工1": "SP0001",
      "员工2": "SP0024",
      "比率1": 50,
      "比率2": 50
    },
    {
      "员工1": "SP0002",
      "员工2": "SP0026",
      "比率1": 50,
      "比率2": 50
    },
    {
      "员工1": "SP0003",
      "员工2": "SP0008",
      "比率1": 50,
      "比率2": 50
    },
    {
      "员工1": "SP0004",
      "员工2": "SP0022",
      "比率1": 50,
      "比率2": 50
    },
    {
      "员工1": "SP0005",
      "员工2": "SP0019",
      "比率1": 50,
      "比率2": 50
    },
    {
      "员工1": "SP0006",
      "员工2": "SP0027",
      "比率1": 50,
      "比率2": 50
    },
    {
      "员工1": "SP0007",
      "员工2": "SP0028",
      "比率1": 50,
      "比率2": 50
    },
    {
      "员工1": "SP0021",
      "员工2": "",
      "比率1": 100,
      "比率2": 0
    },
    {
      "员工1": "SP0009",
      "员工2": "",
      "比率1": 100,
      "比率2": 0
    },
    {
      "员工1": "SP0010",
      "员工2": "SP0023",
      "比率1": 50,
      "比率2": 50
    },
    {
      "员工1": "SP0011",
      "员工2": "SP0020",
      "比率1": 50,
      "比率2": 50
    },
    {
      "员工1": "SP0012",
      "员工2": "SP0029",
      "比率1": 50,
      "比率2": 50
    },
    {
      "员工1": "SP0013",
      "员工2": "",
      "比率1": 100,
      "比率2": 0
    },
    {
      "员工1": "SP0014",
      "员工2": "",
      "比率1": 100,
      "比率2": 0
    },
    {
      "员工1": "SP0016",
      "员工2": "",
      "比率1": 100,
      "比率2": 0
    },
    {
      "员工1": "SP0017",
      "员工2": "",
      "比率1": 100,
      "比率2": 0
    }

  ]

}